date,price,route,currency,price_level,typical_low,typical_high,airline,outbound_date,return_date
2026-03-21 02:14,796,GYE-YYZ-GYE,CAD,high,630,770,Avianca,2026-05-11,2026-06-08
2026-03-21 04:57,796,GYE-YYZ-GYE,CAD,high,630,770,Avianca,2026-05-11,2026-06-08
2026-03-21 07:48,796,GYE-YYZ-GYE,CAD,high,630,770,Avianca,2026-05-11,2026-06-08
2026-03-21 13:57,796,GYE-YYZ-GYE,CAD,high,630,770,Avianca,2026-05-11,2026-06-08
2026-03-21 19:35,796,GYE-YYZ-GYE,CAD,high,630,770,Avianca,2026-05-11,2026-06-08
2026-03-22 10:01,796,GYE-YYZ-GYE,CAD,high,630,770,Avianca,2026-05-11,2026-06-08
2026-03-22 15:58,796,GYE-YYZ-GYE,CAD,high,630,770,Avianca,2026-05-11,2026-06-08
2026-03-22 21:58,795,GYE-YYZ-GYE,CAD,high,620,770,Avianca,2026-05-11,2026-06-08
2026-03-23 07:46,796,GYE-YYZ-GYE,CAD,high,630,790,Avianca,2026-05-11,2026-06-08
2026-03-23 11:54,795,GYE-YYZ-GYE,CAD,high,620,790,Avianca,2026-05-11,2026-06-08
2026-03-23 18:07,795,GYE-YYZ-GYE,CAD,high,620,790,Avianca,2026-05-11,2026-06-08
2026-03-23 22:03,796,GYE-YYZ-GYE,CAD,high,620,790,Avianca,2026-05-11,2026-06-08
2026-03-24 06:45,797,GYE-YYZ-GYE,CAD,high,630,790,Avianca,2026-05-11,2026-06-08
2026-03-24 14:45,796,GYE-YYZ-GYE,CAD,high,630,790,Avianca,2026-05-11,2026-06-08
2026-03-24 21:09,798,GYE-YYZ-GYE,CAD,high,630,790,Avianca,2026-05-11,2026-06-08
2026-03-25 06:44,799,GYE-YYZ-GYE,CAD,high,630,790,Avianca,2026-05-11,2026-06-08
2026-03-25 14:48,799,GYE-YYZ-GYE,CAD,high,630,790,Avianca,2026-05-11,2026-06-08
2026-03-25 21:05,801,GYE-YYZ-GYE,CAD,high,630,800,Avianca,2026-05-11,2026-06-08
2026-03-26 06:53,801,GYE-YYZ-GYE,CAD,high,630,800,Avianca,2026-05-11,2026-06-08
2026-03-26 15:53,802,GYE-YYZ-GYE,CAD,high,630,800,Avianca,2026-05-11,2026-06-08
2026-03-26 20:56,803,GYE-YYZ-GYE,CAD,high,630,800,Avianca,2026-05-11,2026-06-08
2026-03-27 06:52,803,GYE-YYZ-GYE,CAD,high,630,800,Avianca,2026-05-11,2026-06-08
2026-03-27 14:34,803,GYE-YYZ-GYE,CAD,high,630,800,Avianca,2026-05-11,2026-06-08
2026-03-27 21:06,1038,GYE-YYZ-GYE,CAD,high,640,810,Avianca,2026-05-11,2026-06-08
2026-03-28 06:14,1023,GYE-YYZ-GYE,CAD,high,640,810,American,2026-05-11,2026-06-08
2026-03-28 11:58,1023,GYE-YYZ-GYE,CAD,high,640,810,American,2026-05-11,2026-06-08
2026-03-29 11:59,839,GYE-YYZ-GYE,CAD,high,640,810,Avianca,2026-05-11,2026-06-08
2026-03-29 20:01,837,GYE-YYZ-GYE,CAD,high,630,800,Avianca,2026-05-11,2026-06-08
2026-03-30 08:13,884,GYE-YYZ-GYE,CAD,high,640,810,American,2026-05-11,2026-06-08
2026-03-30 15:52,886,GYE-YYZ-GYE,CAD,high,650,810,American,2026-05-11,2026-06-08
2026-03-30 21:29,886,GYE-YYZ-GYE,CAD,high,650,810,American,2026-05-11,2026-06-08
2026-03-31 07:54,886,GYE-YYZ-GYE,CAD,high,650,810,American,2026-05-11,2026-06-08
2026-03-31 21:07,1006,GYE-YYZ-GYE,CAD,high,650,810,Avianca,2026-05-11,2026-06-08
2026-04-01 08:05,1011,GYE-YYZ-GYE,CAD,high,650,810,American,2026-05-11,2026-06-08
2026-04-01 15:56,883,GYE-YYZ-GYE,CAD,high,650,810,American,2026-05-11,2026-06-08
2026-04-01 21:29,882,GYE-YYZ-GYE,CAD,high,640,810,American,2026-05-11,2026-06-08
2026-04-02 07:49,885,GYE-YYZ-GYE,CAD,high,650,810,American,2026-05-11,2026-06-08
2026-04-02 14:42,885,GYE-YYZ-GYE,CAD,high,660,820,American,2026-05-11,2026-06-08
2026-04-05 05:22,887,GYE-YYZ-GYE,CAD,high,660,820,American,2026-05-11,2026-06-08
2026-04-05 19:50,886,GYE-YYZ-GYE,CAD,high,660,820,American,2026-05-11,2026-06-08
2026-04-06 05:35,886,GYE-YYZ-GYE,CAD,high,660,820,American,2026-05-11,2026-06-08
2026-04-06 19:59,945,GYE-YYZ-GYE,CAD,high,680,820,American,2026-05-11,2026-06-08
2026-04-07 05:21,945,GYE-YYZ-GYE,CAD,high,680,820,American,2026-05-11,2026-06-08
2026-04-07 12:05,1024,GYE-YYZ-GYE,CAD,high,680,820,American,2026-05-11,2026-06-08
2026-04-07 20:02,1083,GYE-YYZ-GYE,CAD,high,670,820,American,2026-05-11,2026-06-08
2026-04-08 05:23,1188,GYE-YYZ-GYE,CAD,high,670,810,American,2026-05-11,2026-06-08
2026-04-08 12:05,1113,GYE-YYZ-GYE,CAD,high,670,820,American,2026-05-11,2026-06-08
2026-04-08 20:04,1112,GYE-YYZ-GYE,CAD,high,670,820,American,2026-05-11,2026-06-08
2026-04-09 05:23,1190,GYE-YYZ-GYE,CAD,high,670,820,American,2026-05-11,2026-06-08
2026-04-09 12:06,1190,GYE-YYZ-GYE,CAD,high,670,820,American,2026-05-11,2026-06-08
2026-04-09 20:09,1049,GYE-YYZ-GYE,CAD,high,670,820,American,2026-05-11,2026-06-08
2026-04-10 05:35,1009,GYE-YYZ-GYE,CAD,high,670,820,American,2026-05-11,2026-06-08
2026-04-10 12:01,1010,GYE-YYZ-GYE,CAD,high,670,820,American,2026-05-11,2026-06-08
2026-04-10 19:56,1069,GYE-YYZ-GYE,CAD,high,670,820,American,2026-05-11,2026-06-08
2026-04-11 05:07,1087,GYE-YYZ-GYE,CAD,high,670,820,American,2026-05-11,2026-06-08
2026-04-11 11:46,1087,GYE-YYZ-GYE,CAD,high,670,820,American,2026-05-11,2026-06-08
2026-04-11 19:51,1024,GYE-YYZ-GYE,CAD,high,670,820,American,2026-05-11,2026-06-08
2026-04-12 05:32,1024,GYE-YYZ-GYE,CAD,high,670,820,American,2026-05-11,2026-06-08
2026-04-12 19:54,1141,GYE-YYZ-GYE,CAD,high,680,820,American,2026-05-11,2026-06-08
2026-04-13 05:58,1141,GYE-YYZ-GYE,CAD,high,680,820,American,2026-05-11,2026-06-08
2026-04-13 12:11,1086,GYE-YYZ-GYE,CAD,high,670,820,American,2026-05-11,2026-06-08
2026-04-13 20:13,1136,GYE-YYZ-GYE,CAD,high,670,820,American,2026-05-11,2026-06-08
2026-04-14 05:34,1086,GYE-YYZ-GYE,CAD,high,670,820,American,2026-05-11,2026-06-08
2026-04-14 20:15,1085,GYE-YYZ-GYE,CAD,high,670,820,American,2026-05-11,2026-06-08
2026-04-15 05:34,1085,GYE-YYZ-GYE,CAD,high,670,820,American,2026-05-11,2026-06-08
2026-04-16 05:39,1204,GYE-YYZ-GYE,CAD,high,670,820,American,2026-05-11,2026-06-08
2026-04-16 20:08,1093,GYE-YYZ-GYE,CAD,high,670,830,COPA,2026-05-11,2026-06-08
2026-04-17 05:37,1094,GYE-YYZ-GYE,CAD,high,660,960,Avianca,2026-09-11,2026-10-04
2026-04-17 12:06,1093,GYE-YYZ-GYE,CAD,high,660,960,COPA,2026-09-11,2026-10-04
2026-04-17 20:04,1093,GYE-YYZ-GYE,CAD,high,660,960,COPA,2026-09-11,2026-10-04
2026-04-18 05:18,948,GYE-YYZ-GYE,CAD,typical,660,970,Avianca,2026-09-11,2026-10-04
2026-04-18 11:51,948,GYE-YYZ-GYE,CAD,typical,660,970,Avianca,2026-09-11,2026-10-04
2026-04-18 19:54,948,GYE-YYZ-GYE,CAD,typical,660,970,Avianca,2026-09-11,2026-10-04
2026-04-19 05:38,1102,GYE-YYZ-GYE,CAD,high,660,970,COPA,2026-09-11,2026-10-04
2026-04-19 11:52,1102,GYE-YYZ-GYE,CAD,high,660,970,COPA,2026-09-11,2026-10-04
2026-04-19 19:55,1099,GYE-YYZ-GYE,CAD,high,660,970,COPA,2026-09-11,2026-10-04
2026-04-20 12:14,1094,GYE-YYZ-GYE,CAD,high,660,960,COPA,2026-09-11,2026-10-04
2026-04-20 20:07,1091,GYE-YYZ-GYE,CAD,high,660,960,COPA,2026-09-11,2026-10-04
2026-04-21 05:36,1091,GYE-YYZ-GYE,CAD,high,660,960,COPA,2026-09-11,2026-10-04
2026-04-21 12:10,1092,GYE-YYZ-GYE,CAD,high,660,960,COPA,2026-09-11,2026-10-04
2026-04-21 20:13,1092,GYE-YYZ-GYE,CAD,high,660,960,COPA,2026-09-11,2026-10-04
2026-04-22 05:35,1092,GYE-YYZ-GYE,CAD,high,660,960,COPA,2026-09-11,2026-10-04
2026-04-22 12:10,1092,GYE-YYZ-GYE,CAD,high,660,960,COPA,2026-09-11,2026-10-04
2026-04-22 20:14,1093,GYE-YYZ-GYE,CAD,high,660,960,COPA,2026-09-11,2026-10-04
2026-04-23 05:39,1093,GYE-YYZ-GYE,CAD,high,660,960,COPA,2026-09-11,2026-10-04
2026-04-23 12:10,1094,GYE-YYZ-GYE,CAD,high,660,960,COPA,2026-09-11,2026-10-04
2026-04-24 05:44,1058,GYE-YYZ-GYE,CAD,high,660,970,Avianca,2026-09-11,2026-10-04
2026-04-24 12:07,1056,GYE-YYZ-GYE,CAD,high,660,960,Avianca,2026-09-11,2026-10-04
2026-04-24 20:03,1093,GYE-YYZ-GYE,CAD,high,660,960,COPA,2026-09-11,2026-10-04
2026-04-25 11:56,1094,GYE-YYZ-GYE,CAD,high,660,960,COPA,2026-09-11,2026-10-04
2026-04-25 19:56,1094,GYE-YYZ-GYE,CAD,high,660,960,COPA,2026-09-11,2026-10-04
2026-04-26 19:58,1328,GYE-YYZ-GYE,CAD,high,660,960,COPA,2026-09-11,2026-10-04
2026-04-27 06:11,1093,GYE-YYZ-GYE,CAD,high,660,960,COPA,2026-09-11,2026-10-04
2026-04-27 12:54,1088,GYE-YYZ-GYE,CAD,high,650,960,COPA,2026-09-11,2026-10-04
2026-04-27 20:35,1090,GYE-YYZ-GYE,CAD,high,650,960,COPA,2026-09-11,2026-10-04
2026-04-28 06:15,1091,GYE-YYZ-GYE,CAD,high,660,960,COPA,2026-09-11,2026-10-04
2026-04-28 12:59,1094,GYE-YYZ-GYE,CAD,high,660,960,COPA,2026-09-11,2026-10-04
2026-04-28 20:43,1094,GYE-YYZ-GYE,CAD,high,660,960,COPA,2026-09-11,2026-10-04
2026-04-29 06:09,1095,GYE-YYZ-GYE,CAD,high,660,960,COPA,2026-09-11,2026-10-04
2026-04-29 12:56,1094,GYE-YYZ-GYE,CAD,high,660,960,COPA,2026-09-11,2026-10-04
2026-04-29 20:36,1095,GYE-YYZ-GYE,CAD,high,660,960,COPA,2026-09-11,2026-10-04
2026-04-30 06:13,1039,GYE-YYZ-GYE,CAD,high,660,960,COPA,2026-09-11,2026-10-04
2026-04-30 20:35,1032,GYE-YYZ-GYE,CAD,high,650,960,COPA,2026-09-11,2026-10-04
2026-05-01 06:24,1031,GYE-YYZ-GYE,CAD,high,650,960,COPA,2026-09-11,2026-10-04
2026-05-01 12:07,1030,GYE-YYZ-GYE,CAD,high,650,960,COPA,2026-09-11,2026-10-04
2026-05-01 20:12,996,GYE-YYZ-GYE,CAD,high,650,960,Avianca,2026-09-11,2026-10-04
2026-05-02 05:45,997,GYE-YYZ-GYE,CAD,high,650,960,Avianca,2026-09-11,2026-10-04
2026-05-05 05:59,1156,GYE-YYZ-GYE,CAD,high,650,960,COPA,2026-09-11,2026-10-04
2026-05-05 12:15,1155,GYE-YYZ-GYE,CAD,high,650,960,COPA,2026-09-11,2026-10-04
2026-05-05 20:19,1155,GYE-YYZ-GYE,CAD,high,650,960,COPA,2026-09-11,2026-10-04
2026-05-06 06:13,1152,GYE-YYZ-GYE,CAD,high,650,960,COPA,2026-09-11,2026-10-04
2026-05-06 13:02,1154,GYE-YYZ-GYE,CAD,high,650,960,COPA,2026-09-11,2026-10-04
2026-05-06 20:48,1156,GYE-YYZ-GYE,CAD,high,650,960,COPA,2026-09-11,2026-10-04
2026-05-07 06:19,1157,GYE-YYZ-GYE,CAD,high,660,960,COPA,2026-09-11,2026-10-04
2026-05-07 13:04,1156,GYE-YYZ-GYE,CAD,high,650,960,COPA,2026-09-11,2026-10-04
2026-05-07 20:41,1158,GYE-YYZ-GYE,CAD,high,660,960,COPA,2026-09-11,2026-10-04
2026-05-08 05:37,1142,GYE-YYZ-GYE,CAD,high,660,960,COPA,2026-09-11,2026-10-04
2026-05-08 12:48,1141,GYE-YYZ-GYE,CAD,high,660,960,COPA,2026-09-11,2026-10-04
2026-05-08 20:17,1143,GYE-YYZ-GYE,CAD,high,660,960,COPA,2026-09-11,2026-10-04
2026-05-09 06:01,1143,GYE-YYZ-GYE,CAD,high,660,960,COPA,2026-09-11,2026-10-04
2026-05-09 12:03,1143,GYE-YYZ-GYE,CAD,high,660,960,COPA,2026-09-11,2026-10-04
2026-05-09 20:02,1143,GYE-YYZ-GYE,CAD,high,660,960,COPA,2026-09-11,2026-10-04
2026-05-10 20:05,1142,GYE-YYZ-GYE,CAD,high,660,960,COPA,2026-09-11,2026-10-04
2026-05-11 20:55,1143,GYE-YYZ-GYE,CAD,high,660,960,COPA,2026-09-11,2026-10-04
2026-05-12 06:22,1144,GYE-YYZ-GYE,CAD,high,660,960,COPA,2026-09-11,2026-10-04
2026-05-12 20:52,1145,GYE-YYZ-GYE,CAD,high,660,970,COPA,2026-09-11,2026-10-04
2026-05-13 06:33,1145,GYE-YYZ-GYE,CAD,high,660,970,COPA,2026-09-11,2026-10-04
2026-05-13 13:31,1145,GYE-YYZ-GYE,CAD,high,660,970,COPA,2026-09-11,2026-10-04
2026-05-13 20:56,1146,GYE-YYZ-GYE,CAD,high,660,970,COPA,2026-09-11,2026-10-04
2026-05-14 06:32,1145,GYE-YYZ-GYE,CAD,high,660,970,COPA,2026-09-11,2026-10-04
2026-05-15 06:43,1148,GYE-YYZ-GYE,CAD,high,660,970,COPA,2026-09-11,2026-10-04
2026-05-15 20:35,1149,GYE-YYZ-GYE,CAD,high,660,970,COPA,2026-09-11,2026-10-04
2026-05-16 06:08,1149,GYE-YYZ-GYE,CAD,high,660,970,COPA,2026-09-11,2026-10-04
2026-05-16 12:08,1149,GYE-YYZ-GYE,CAD,high,660,970,COPA,2026-09-11,2026-10-04
2026-05-16 20:07,1149,GYE-YYZ-GYE,CAD,high,660,970,COPA,2026-09-11,2026-10-04
2026-05-17 06:31,1149,GYE-YYZ-GYE,CAD,high,660,970,COPA,2026-09-11,2026-10-04
2026-05-17 20:09,1149,GYE-YYZ-GYE,CAD,high,660,970,COPA,2026-09-11,2026-10-04
2026-05-18 14:39,1149,GYE-YYZ-GYE,CAD,high,660,970,COPA,2026-09-11,2026-10-04
2026-05-18 20:47,1148,GYE-YYZ-GYE,CAD,high,660,970,COPA,2026-09-11,2026-10-04
2026-05-19 06:57,1429,GYE-YYZ-GYE,CAD,high,660,970,COPA,2026-09-11,2026-10-04
2026-05-19 14:06,1430,GYE-YYZ-GYE,CAD,high,660,970,COPA,2026-09-11,2026-10-04
2026-05-19 20:52,1429,GYE-YYZ-GYE,CAD,high,660,970,COPA,2026-09-11,2026-10-04
2026-05-20 06:57,1430,GYE-YYZ-GYE,CAD,high,660,970,COPA,2026-09-11,2026-10-04
2026-05-20 13:47,1431,GYE-YYZ-GYE,CAD,high,660,970,COPA,2026-09-11,2026-10-04
2026-05-20 21:15,1429,GYE-YYZ-GYE,CAD,high,660,970,COPA,2026-09-11,2026-10-04
2026-05-21 07:02,1430,GYE-YYZ-GYE,CAD,high,660,970,COPA,2026-09-11,2026-10-04
2026-05-21 14:18,1434,GYE-YYZ-GYE,CAD,high,660,970,COPA,2026-09-11,2026-10-04
2026-05-21 20:58,1432,GYE-YYZ-GYE,CAD,high,660,970,COPA,2026-09-11,2026-10-04
2026-05-22 06:58,1434,GYE-YYZ-GYE,CAD,high,660,970,COPA,2026-09-11,2026-10-04
2026-05-22 13:38,1302,GYE-YYZ-GYE,CAD,high,660,970,American,2026-09-11,2026-10-04
2026-05-22 20:49,1304,GYE-YYZ-GYE,CAD,high,660,970,American,2026-09-11,2026-10-04
2026-05-23 06:20,1242,GYE-YYZ-GYE,CAD,high,660,970,American,2026-09-11,2026-10-04
2026-05-23 20:12,1304,GYE-YYZ-GYE,CAD,high,660,970,American,2026-09-11,2026-10-04
2026-05-24 06:47,1362,GYE-YYZ-GYE,CAD,high,660,970,COPA,2026-09-11,2026-10-04
2026-05-24 20:16,1360,GYE-YYZ-GYE,CAD,high,660,970,COPA,2026-09-11,2026-10-04
2026-05-25 07:59,1360,GYE-YYZ-GYE,CAD,high,660,970,COPA,2026-09-11,2026-10-04
2026-05-25 20:45,1188,GYE-YYZ-GYE,CAD,high,660,970,COPA,2026-09-11,2026-10-04
2026-05-26 06:56,1253,GYE-YYZ-GYE,CAD,high,660,970,COPA,2026-09-11,2026-10-04
2026-05-26 14:10,1253,GYE-YYZ-GYE,CAD,high,660,970,COPA,2026-09-11,2026-10-04
2026-05-26 21:01,1253,GYE-YYZ-GYE,CAD,high,660,970,COPA,2026-09-11,2026-10-04
2026-05-27 07:14,1253,GYE-YYZ-GYE,CAD,high,660,970,COPA,2026-09-11,2026-10-04
2026-05-27 14:34,1254,GYE-YYZ-GYE,CAD,high,660,970,COPA,2026-09-11,2026-10-04
2026-05-27 21:15,1255,GYE-YYZ-GYE,CAD,high,660,980,COPA,2026-09-11,2026-10-04
2026-05-28 07:03,1032,GYE-YYZ-GYE,CAD,high,670,980,COPA,2026-09-11,2026-10-04
2026-05-28 14:45,1031,GYE-YYZ-GYE,CAD,high,660,980,COPA,2026-09-11,2026-10-04
2026-05-28 21:22,1027,GYE-YYZ-GYE,CAD,high,660,970,COPA,2026-09-11,2026-10-04
2026-05-29 07:05,1027,GYE-YYZ-GYE,CAD,high,660,970,COPA,2026-09-11,2026-10-04
2026-05-29 14:16,1028,GYE-YYZ-GYE,CAD,high,660,970,COPA,2026-09-11,2026-10-04
2026-05-29 21:20,1028,GYE-YYZ-GYE,CAD,high,660,970,COPA,2026-09-11,2026-10-04
2026-05-30 06:31,1028,GYE-YYZ-GYE,CAD,high,660,970,COPA,2026-09-11,2026-10-04
2026-05-30 12:17,1028,GYE-YYZ-GYE,CAD,high,660,970,COPA,2026-09-11,2026-10-04
2026-05-30 20:18,1028,GYE-YYZ-GYE,CAD,high,660,970,COPA,2026-09-11,2026-10-04
2026-05-31 07:07,1028,GYE-YYZ-GYE,CAD,high,660,970,COPA,2026-09-11,2026-10-04
2026-05-31 12:49,1028,GYE-YYZ-GYE,CAD,high,660,970,COPA,2026-09-11,2026-10-04
2026-05-31 20:34,1028,GYE-YYZ-GYE,CAD,high,660,970,COPA,2026-09-11,2026-10-04
2026-06-01 08:45,1029,GYE-YYZ-GYE,CAD,high,660,970,COPA,2026-09-11,2026-10-04
2026-06-01 16:47,1031,GYE-YYZ-GYE,CAD,high,660,980,COPA,2026-09-11,2026-10-04
2026-06-01 22:16,1031,GYE-YYZ-GYE,CAD,high,670,980,COPA,2026-09-11,2026-10-04
2026-06-05 07:18,1035,GYE-YYZ-GYE,CAD,high,670,980,COPA,2026-09-11,2026-10-04
2026-06-05 14:03,1035,GYE-YYZ-GYE,CAD,high,670,980,COPA,2026-09-11,2026-10-04
2026-06-05 20:57,1039,GYE-YYZ-GYE,CAD,high,670,980,COPA,2026-09-11,2026-10-04
2026-06-06 06:39,1038,GYE-YYZ-GYE,CAD,high,670,980,COPA,2026-09-11,2026-10-04
2026-06-06 12:45,1038,GYE-YYZ-GYE,CAD,high,670,980,COPA,2026-09-11,2026-10-04
2026-06-06 20:35,1038,GYE-YYZ-GYE,CAD,high,670,980,COPA,2026-09-11,2026-10-04
2026-06-07 07:14,1038,GYE-YYZ-GYE,CAD,high,670,980,COPA,2026-09-11,2026-10-04
2026-06-07 12:51,1038,GYE-YYZ-GYE,CAD,high,670,980,COPA,2026-09-11,2026-10-04
2026-06-07 20:39,1038,GYE-YYZ-GYE,CAD,high,670,980,COPA,2026-09-11,2026-10-04
2026-06-08 08:23,1039,GYE-YYZ-GYE,CAD,high,670,980,COPA,2026-09-11,2026-10-04
2026-06-08 14:52,1038,GYE-YYZ-GYE,CAD,high,670,980,COPA,2026-09-11,2026-10-04
2026-06-08 21:18,1039,GYE-YYZ-GYE,CAD,high,670,980,COPA,2026-09-11,2026-10-04
2026-06-09 06:59,1037,GYE-YYZ-GYE,CAD,high,670,980,COPA,2026-09-11,2026-10-04
2026-06-09 21:13,1038,GYE-YYZ-GYE,CAD,high,670,980,COPA,2026-09-11,2026-10-04
2026-06-10 07:18,1038,GYE-YYZ-GYE,CAD,high,670,980,COPA,2026-09-11,2026-10-04
2026-06-10 14:29,1036,GYE-YYZ-GYE,CAD,high,670,980,COPA,2026-09-11,2026-10-04
2026-06-10 21:30,1038,GYE-YYZ-GYE,CAD,high,670,980,COPA,2026-09-11,2026-10-04
2026-06-11 14:56,1119,GYE-YYZ-GYE,CAD,high,670,990,COPA,2026-09-11,2026-10-04
2026-06-11 21:31,992,GYE-YYZ-GYE,CAD,high,670,980,Avianca,2026-09-11,2026-10-04
2026-06-12 08:02,994,GYE-YYZ-GYE,CAD,high,670,990,Avianca,2026-09-11,2026-10-04
2026-06-12 14:16,993,GYE-YYZ-GYE,CAD,high,670,990,Avianca,2026-09-11,2026-10-04
2026-06-12 21:06,994,GYE-YYZ-GYE,CAD,high,670,990,Avianca,2026-09-11,2026-10-04
2026-06-13 07:07,995,GYE-YYZ-GYE,CAD,high,670,990,Avianca,2026-09-11,2026-10-04
2026-06-13 12:58,995,GYE-YYZ-GYE,CAD,high,670,990,Avianca,2026-09-11,2026-10-04
2026-06-13 20:41,995,GYE-YYZ-GYE,CAD,high,670,990,Avianca,2026-09-11,2026-10-04
2026-06-14 07:57,995,GYE-YYZ-GYE,CAD,high,670,990,Avianca,2026-09-11,2026-10-04
2026-06-14 13:05,995,GYE-YYZ-GYE,CAD,high,670,990,Avianca,2026-09-11,2026-10-04
2026-06-14 20:41,983,GYE-YYZ-GYE,CAD,typical,670,990,American,2026-09-11,2026-10-04
2026-06-15 09:38,982,GYE-YYZ-GYE,CAD,high,670,980,American,2026-09-11,2026-10-04
2026-06-15 16:22,983,GYE-YYZ-GYE,CAD,typical,670,990,American,2026-09-11,2026-10-04
2026-06-15 21:51,983,GYE-YYZ-GYE,CAD,typical,670,990,American,2026-09-11,2026-10-04
2026-06-16 09:04,996,GYE-YYZ-GYE,CAD,high,670,990,Avianca,2026-09-11,2026-10-04
2026-06-16 16:03,1034,GYE-YYZ-GYE,CAD,high,670,990,American,2026-09-11,2026-10-04
2026-06-16 21:48,983,GYE-YYZ-GYE,CAD,typical,670,990,American,2026-09-11,2026-10-04
2026-06-17 08:37,984,GYE-YYZ-GYE,CAD,typical,670,990,American,2026-09-11,2026-10-04
2026-06-17 14:29,985,GYE-YYZ-GYE,CAD,typical,670,990,American,2026-09-11,2026-10-04
2026-06-17 21:23,990,GYE-YYZ-GYE,CAD,typical,680,990,American,2026-09-11,2026-10-04
2026-06-18 08:20,991,GYE-YYZ-GYE,CAD,high,680,990,American,2026-09-11,2026-10-04
2026-06-18 14:24,1004,GYE-YYZ-GYE,CAD,high,680,1000,Avianca,2026-09-11,2026-10-04
2026-06-18 21:30,1265,GYE-YYZ-GYE,CAD,high,680,1000,American,2026-09-11,2026-10-04
2026-06-19 08:41,1005,GYE-YYZ-GYE,CAD,high,680,1000,Avianca,2026-09-11,2026-10-04
2026-06-19 14:22,1007,GYE-YYZ-GYE,CAD,high,680,1000,Avianca,2026-09-11,2026-10-04
2026-06-19 20:48,1007,GYE-YYZ-GYE,CAD,high,680,1000,Avianca,2026-09-11,2026-10-04
2026-06-20 07:09,971,GYE-YYZ-GYE,CAD,typical,680,1000,Avianca,2026-09-11,2026-10-04
2026-06-20 12:59,971,GYE-YYZ-GYE,CAD,typical,680,1000,Avianca,2026-09-11,2026-10-04
2026-06-20 20:42,971,GYE-YYZ-GYE,CAD,typical,680,1000,Avianca,2026-09-11,2026-10-04
2026-06-21 08:11,995,GYE-YYZ-GYE,CAD,typical,680,1000,American,2026-09-11,2026-10-04
2026-06-21 13:18,995,GYE-YYZ-GYE,CAD,typical,680,1000,American,2026-09-11,2026-10-04
2026-06-21 20:47,971,GYE-YYZ-GYE,CAD,typical,680,1000,Avianca,2026-09-11,2026-10-04
2026-06-22 09:23,972,GYE-YYZ-GYE,CAD,typical,680,1000,Avianca,2026-09-11,2026-10-04
2026-06-22 16:01,1005,GYE-YYZ-GYE,CAD,high,680,1000,Avianca,2026-09-11,2026-10-04
2026-06-22 21:35,1006,GYE-YYZ-GYE,CAD,high,680,1000,Avianca,2026-09-11,2026-10-04
2026-06-23 06:59,1007,GYE-YYZ-GYE,CAD,high,680,1000,Avianca,2026-09-11,2026-10-04
2026-06-23 13:47,928,GYE-YYZ-GYE,CAD,typical,680,1000,American,2026-09-11,2026-10-04
2026-06-23 21:07,998,GYE-YYZ-GYE,CAD,typical,680,1000,American,2026-09-11,2026-10-04
2026-06-24 06:57,998,GYE-YYZ-GYE,CAD,typical,680,1000,American,2026-09-11,2026-10-04
2026-06-24 13:29,932,GYE-YYZ-GYE,CAD,typical,680,1000,American,2026-09-11,2026-10-04
2026-06-24 20:58,931,GYE-YYZ-GYE,CAD,typical,680,1000,American,2026-09-11,2026-10-04
2026-06-25 06:56,931,GYE-YYZ-GYE,CAD,typical,680,1000,American,2026-09-11,2026-10-04
2026-06-25 13:27,931,GYE-YYZ-GYE,CAD,typical,680,1000,American,2026-09-11,2026-10-04
2026-06-25 21:03,929,GYE-YYZ-GYE,CAD,typical,680,1000,American,2026-09-11,2026-10-04
2026-06-26 07:04,928,GYE-YYZ-GYE,CAD,typical,680,1000,American,2026-09-11,2026-10-04
2026-06-26 13:23,927,GYE-YYZ-GYE,CAD,typical,680,1000,American,2026-09-11,2026-10-04
2026-06-26 20:56,927,GYE-YYZ-GYE,CAD,typical,680,1000,American,2026-09-11,2026-10-04
2026-06-27 06:38,928,GYE-YYZ-GYE,CAD,typical,680,1000,American,2026-09-11,2026-10-04
2026-06-27 12:44,1133,GYE-YYZ-GYE,CAD,high,680,1000,American,2026-09-11,2026-10-04
2026-06-27 20:33,996,GYE-YYZ-GYE,CAD,typical,680,1000,American,2026-09-11,2026-10-04
2026-06-28 07:10,996,GYE-YYZ-GYE,CAD,typical,680,1000,American,2026-09-11,2026-10-04
2026-06-28 12:44,1133,GYE-YYZ-GYE,CAD,high,680,1000,American,2026-09-11,2026-10-04
2026-06-28 20:37,928,GYE-YYZ-GYE,CAD,typical,680,1000,American,2026-09-11,2026-10-04
2026-06-29 08:26,996,GYE-YYZ-GYE,CAD,typical,680,1000,American,2026-09-11,2026-10-04
2026-06-29 14:53,998,GYE-YYZ-GYE,CAD,typical,680,1000,American,2026-09-11,2026-10-04
2026-06-29 20:57,997,GYE-YYZ-GYE,CAD,typical,680,1000,American,2026-09-11,2026-10-04
2026-06-30 07:04,999,GYE-YYZ-GYE,CAD,typical,680,1000,American,2026-09-11,2026-10-04
2026-06-30 13:17,1282,GYE-YYZ-GYE,CAD,high,670,940,Avianca,2026-09-05,2026-09-20
2026-06-30 21:07,1201,GYE-YYZ-GYE,CAD,high,670,940,Avianca,2026-09-05,2026-09-20
2026-07-01 07:50,1224,GYE-YYZ-GYE,CAD,high,680,1000,Avianca,2026-09-05,2026-09-17
2026-07-01 13:41,1096,GYE-YYZ-GYE,CAD,high,680,1000,Avianca,2026-09-05,2026-09-17
2026-07-01 20:55,1080,GYE-YYZ-GYE,CAD,high,680,1000,Avianca,2026-09-05,2026-09-17
2026-07-02 06:51,1079,GYE-YYZ-GYE,CAD,high,680,1000,Avianca,2026-09-05,2026-09-17
2026-07-02 13:09,1080,GYE-YYZ-GYE,CAD,high,680,1000,Avianca,2026-09-05,2026-09-17
2026-07-05 06:51,1173,GYE-YYZ-GYE,CAD,high,680,1000,Avianca,2026-09-05,2026-09-17
2026-07-05 12:42,1246,GYE-YYZ-GYE,CAD,high,680,1000,Avianca,2026-09-05,2026-09-17
2026-07-05 20:31,1173,GYE-YYZ-GYE,CAD,high,680,1000,Avianca,2026-09-05,2026-09-17
2026-07-06 07:56,1174,GYE-YYZ-GYE,CAD,high,680,1000,Avianca,2026-09-05,2026-09-17
2026-07-06 14:38,1095,GYE-YYZ-GYE,CAD,high,680,1000,Avianca,2026-09-05,2026-09-17
2026-07-06 21:02,1094,GYE-YYZ-GYE,CAD,high,680,1000,Avianca,2026-09-05,2026-09-17
2026-07-07 06:57,1094,GYE-YYZ-GYE,CAD,high,680,1000,Avianca,2026-09-05,2026-09-17
2026-07-07 13:27,1095,GYE-YYZ-GYE,CAD,high,680,1000,Avianca,2026-09-05,2026-09-17
2026-07-07 20:58,1093,GYE-YYZ-GYE,CAD,high,680,1000,Avianca,2026-09-05,2026-09-17
2026-07-08 06:07,1092,GYE-YYZ-GYE,CAD,high,680,1000,Avianca,2026-09-05,2026-09-17
2026-07-08 12:53,1092,GYE-YYZ-GYE,CAD,high,680,1000,Avianca,2026-09-05,2026-09-17
2026-07-08 20:38,1090,GYE-YYZ-GYE,CAD,high,680,1000,Avianca,2026-09-05,2026-09-17
2026-07-09 06:55,1090,GYE-YYZ-GYE,CAD,high,680,1000,Avianca,2026-09-05,2026-09-17
2026-07-09 13:59,1091,GYE-YYZ-GYE,CAD,high,680,1000,Avianca,2026-09-05,2026-09-17
2026-07-09 20:57,1091,GYE-YYZ-GYE,CAD,high,680,1050,Avianca,2026-09-05,2026-09-17
2026-07-10 06:56,1090,GYE-YYZ-GYE,CAD,high,680,1050,Avianca,2026-09-05,2026-09-17
2026-07-10 13:19,1090,GYE-YYZ-GYE,CAD,high,680,1050,Avianca,2026-09-05,2026-09-17
2026-07-10 20:44,1090,GYE-YYZ-GYE,CAD,high,680,1050,Avianca,2026-09-05,2026-09-17
2026-07-11 05:54,1066,GYE-YYZ-GYE,CAD,typical,760,1200,Avianca,2026-12-19,2027-01-09
2026-07-11 12:07,1066,GYE-YYZ-GYE,CAD,typical,760,1200,Avianca,2026-12-19,2027-01-09
2026-07-11 20:11,1066,GYE-YYZ-GYE,CAD,typical,760,1200,Avianca,2026-12-19,2027-01-09
2026-07-12 06:14,1066,GYE-YYZ-GYE,CAD,typical,760,1200,Avianca,2026-12-19,2027-01-09
2026-07-12 12:08,1066,GYE-YYZ-GYE,CAD,typical,760,1200,Avianca,2026-12-19,2027-01-09
2026-07-12 20:10,1065,GYE-YYZ-GYE,CAD,typical,760,1200,Avianca,2026-12-19,2027-01-09
2026-07-13 06:31,1065,GYE-YYZ-GYE,CAD,typical,760,1200,Avianca,2026-12-19,2027-01-09
2026-07-13 13:30,1063,GYE-YYZ-GYE,CAD,typical,760,1200,Avianca,2026-12-19,2027-01-09
2026-07-13 20:34,1065,GYE-YYZ-GYE,CAD,typical,760,1200,Avianca,2026-12-19,2027-01-09
2026-07-14 05:41,1063,GYE-YYZ-GYE,CAD,typical,760,1200,Avianca,2026-12-19,2027-01-09
2026-07-14 12:40,1061,GYE-YYZ-GYE,CAD,typical,760,1200,Avianca,2026-12-19,2027-01-09
2026-07-14 20:32,1058,GYE-YYZ-GYE,CAD,typical,760,1200,Avianca,2026-12-19,2027-01-09
2026-07-15 05:42,1057,GYE-YYZ-GYE,CAD,typical,760,1200,Avianca,2026-12-19,2027-01-09
2026-07-15 12:44,1059,GYE-YYZ-GYE,CAD,typical,760,1200,Avianca,2026-12-19,2027-01-09
2026-07-15 20:18,1056,GYE-YYZ-GYE,CAD,typical,760,1200,Avianca,2026-12-19,2027-01-09
2026-07-16 05:57,1091,GYE-YYZ-GYE,CAD,typical,760,1200,Avianca,2026-12-19,2027-01-09
2026-07-16 12:52,1089,GYE-YYZ-GYE,CAD,typical,760,1200,Avianca,2026-12-19,2027-01-09
2026-07-16 20:13,1082,GYE-YYZ-GYE,CAD,typical,760,1200,Avianca,2026-12-19,2027-01-09
2026-07-17 05:57,1056,GYE-YYZ-GYE,CAD,typical,760,1200,Avianca,2026-12-19,2027-01-09
2026-07-17 12:37,1056,GYE-YYZ-GYE,CAD,typical,760,1200,Avianca,2026-12-19,2027-01-09
2026-07-17 20:14,1080,GYE-YYZ-GYE,CAD,typical,750,1200,Avianca,2026-12-19,2027-01-09
2026-07-18 05:37,1081,GYE-YYZ-GYE,CAD,typical,760,1200,Avianca,2026-12-19,2027-01-09
2026-07-18 12:06,1081,GYE-YYZ-GYE,CAD,typical,760,1200,Avianca,2026-12-19,2027-01-09
2026-07-18 20:08,1081,GYE-YYZ-GYE,CAD,typical,760,1200,Avianca,2026-12-19,2027-01-09
2026-07-19 06:09,1081,GYE-YYZ-GYE,CAD,typical,760,1200,Avianca,2026-12-19,2027-01-09
2026-07-19 12:07,1030,GYE-YYZ-GYE,CAD,typical,760,1200,Avianca,2026-12-19,2027-01-09
2026-07-19 20:11,1029,GYE-YYZ-GYE,CAD,typical,750,1200,Avianca,2026-12-19,2027-01-09
2026-07-20 06:27,1029,GYE-YYZ-GYE,CAD,typical,750,1200,Avianca,2026-12-19,2027-01-09
2026-07-20 13:18,1031,GYE-YYZ-GYE,CAD,typical,760,1200,Avianca,2026-12-19,2027-01-09
2026-07-20 20:42,1022,GYE-YYZ-GYE,CAD,typical,760,1200,Avianca,2026-12-19,2027-01-09
2026-07-21 06:07,1034,GYE-YYZ-GYE,CAD,typical,760,1200,Avianca,2026-12-19,2027-01-09
2026-07-21 12:44,1034,GYE-YYZ-GYE,CAD,typical,760,1200,Avianca,2026-12-19,2027-01-09
2026-07-21 20:37,1036,GYE-YYZ-GYE,CAD,typical,760,1200,Avianca,2026-12-19,2027-01-09
2026-07-22 06:05,1036,GYE-YYZ-GYE,CAD,typical,760,1200,Avianca,2026-12-19,2027-01-09
2026-07-22 12:47,1034,GYE-YYZ-GYE,CAD,typical,760,1200,Avianca,2026-12-19,2027-01-09
2026-07-22 20:32,1034,GYE-YYZ-GYE,CAD,typical,760,1200,Avianca,2026-12-19,2027-01-09
2026-07-23 06:11,1033,GYE-YYZ-GYE,CAD,typical,760,1200,Avianca,2026-12-19,2027-01-09
2026-07-23 12:50,1033,GYE-YYZ-GYE,CAD,typical,760,1200,Avianca,2026-12-19,2027-01-09
2026-07-23 20:31,1034,GYE-YYZ-GYE,CAD,typical,760,1200,Avianca,2026-12-19,2027-01-09
2026-07-24 06:05,1034,GYE-YYZ-GYE,CAD,typical,760,1200,Avianca,2026-12-19,2027-01-09
2026-07-24 20:41,1069,GYE-YYZ-GYE,CAD,typical,760,1200,Avianca,2026-12-19,2027-01-09
2026-07-25 05:59,1069,GYE-YYZ-GYE,CAD,typical,760,1200,Avianca,2026-12-19,2027-01-09
2026-07-25 12:10,1069,GYE-YYZ-GYE,CAD,typical,760,1200,Avianca,2026-12-19,2027-01-09
2026-07-25 20:16,1069,GYE-YYZ-GYE,CAD,typical,760,1200,Avianca,2026-12-19,2027-01-09
2026-07-26 06:17,1069,GYE-YYZ-GYE,CAD,typical,760,1200,Avianca,2026-12-19,2027-01-09
2026-07-26 12:18,1069,GYE-YYZ-GYE,CAD,typical,760,1200,Avianca,2026-12-19,2027-01-09
2026-07-26 20:18,1068,GYE-YYZ-GYE,CAD,typical,760,1200,Avianca,2026-12-19,2027-01-09
2026-07-27 06:44,1069,GYE-YYZ-GYE,CAD,typical,760,1200,Avianca,2026-12-19,2027-01-09
2026-07-27 20:45,1071,GYE-YYZ-GYE,CAD,typical,760,1200,Avianca,2026-12-19,2027-01-09
2026-07-28 06:04,1071,GYE-YYZ-GYE,CAD,typical,760,1200,Avianca,2026-12-19,2027-01-09
2026-07-28 13:03,1070,GYE-YYZ-GYE,CAD,typical,760,1200,Avianca,2026-12-19,2027-01-09
2026-07-28 20:35,1070,GYE-YYZ-GYE,CAD,typical,760,1200,Avianca,2026-12-19,2027-01-09
2026-07-29 06:08,1068,GYE-YYZ-GYE,CAD,typical,760,1200,Avianca,2026-12-19,2027-01-09
2026-07-29 13:10,1069,GYE-YYZ-GYE,CAD,typical,760,1200,Avianca,2026-12-19,2027-01-09
2026-07-29 20:18,1065,GYE-YYZ-GYE,CAD,typical,760,1200,Avianca,2026-12-19,2027-01-09
2026-07-30 06:01,1065,GYE-YYZ-GYE,CAD,typical,760,1200,Avianca,2026-12-19,2027-01-09
2026-07-30 12:55,1065,GYE-YYZ-GYE,CAD,typical,760,1200,American,2026-12-19,2027-01-09
2026-07-30 20:36,1061,GYE-YYZ-GYE,CAD,typical,750,1200,American,2026-12-19,2027-01-09
2026-07-31 06:24,1063,GYE-YYZ-GYE,CAD,typical,750,1200,American,2026-12-19,2027-01-09
2026-07-31 13:07,1065,GYE-YYZ-GYE,CAD,typical,760,1200,American,2026-12-19,2027-01-09
2026-07-31 20:37,1063,GYE-YYZ-GYE,CAD,typical,750,1200,American,2026-12-19,2027-01-09
2026-08-01 06:09,1064,GYE-YYZ-GYE,CAD,typical,760,1200,American,2026-12-19,2027-01-09
2026-08-01 12:14,1030,GYE-YYZ-GYE,CAD,typical,760,1200,Avianca,2026-12-19,2027-01-09
2026-08-01 20:15,1030,GYE-YYZ-GYE,CAD,typical,760,1200,Avianca,2026-12-19,2027-01-09
2026-08-02 06:17,1030,GYE-YYZ-GYE,CAD,typical,760,1200,Avianca,2026-12-19,2027-01-09
2026-08-05 06:02,983,GYE-YYZ-GYE,CAD,typical,760,1200,Avianca,2026-12-19,2027-01-09
2026-08-05 13:03,981,GYE-YYZ-GYE,CAD,typical,760,1200,Avianca,2026-12-19,2027-01-09
2026-08-05 20:39,995,GYE-YYZ-GYE,CAD,typical,750,1200,Avianca,2026-12-19,2027-01-09
2026-08-06 06:05,996,GYE-YYZ-GYE,CAD,typical,750,1200,Avianca,2026-12-19,2027-01-09
2026-08-06 13:03,994,GYE-YYZ-GYE,CAD,typical,750,1200,Avianca,2026-12-19,2027-01-09
2026-08-07 00:44,996,GYE-YYZ-GYE,CAD,typical,750,1200,Avianca,2026-12-19,2027-01-09
2026-08-07 05:04,996,GYE-YYZ-GYE,CAD,typical,750,1200,Avianca,2026-12-19,2027-01-09
2026-08-07 11:59,996,GYE-YYZ-GYE,CAD,typical,750,1200,Avianca,2026-12-19,2027-01-09
2026-08-07 20:00,990,GYE-YYZ-GYE,CAD,typical,750,1200,American,2026-12-19,2027-01-09
2026-08-08 04:30,991,GYE-YYZ-GYE,CAD,typical,750,1200,Avianca,2026-12-19,2027-01-09
2026-08-08 11:46,942,GYE-YYZ-GYE,CAD,typical,750,1200,Avianca,2026-12-19,2027-01-09
2026-08-08 19:46,942,GYE-YYZ-GYE,CAD,typical,750,1200,Avianca,2026-12-19,2027-01-09
2026-08-09 04:38,942,GYE-YYZ-GYE,CAD,typical,750,1200,Avianca,2026-12-19,2027-01-09
2026-08-09 11:47,942,GYE-YYZ-GYE,CAD,typical,750,1200,Avianca,2026-12-19,2027-01-09
2026-08-09 19:50,942,GYE-YYZ-GYE,CAD,typical,750,1200,Avianca,2026-12-19,2027-01-09
2026-08-10 04:56,943,GYE-YYZ-GYE,CAD,typical,750,1200,Avianca,2026-12-19,2027-01-09
2026-08-10 12:01,941,GYE-YYZ-GYE,CAD,typical,750,1200,Avianca,2026-12-19,2027-01-09
2026-08-10 20:03,941,GYE-YYZ-GYE,CAD,typical,750,1200,American,2026-12-19,2027-01-09
2026-08-11 04:42,941,GYE-YYZ-GYE,CAD,typical,750,1200,Avianca,2026-12-19,2027-01-09
2026-08-11 11:59,991,GYE-YYZ-GYE,CAD,typical,750,1200,Avianca,2026-12-19,2027-01-09
2026-08-11 20:05,990,GYE-YYZ-GYE,CAD,typical,750,1200,Avianca,2026-12-19,2027-01-09
2026-08-12 05:06,990,GYE-YYZ-GYE,CAD,typical,750,1200,Avianca,2026-12-19,2027-01-09
2026-08-12 12:00,991,GYE-YYZ-GYE,CAD,typical,750,1200,Avianca,2026-12-19,2027-01-09
